,Model name,AUC,f1_score,accuracy,precision_weighted,precision_micro,balanced_accuracy,Recall,correctly_percentage,incorrectly_percentage
0,LSTM,0.8950360329621473,0.7211055276381909,0.8805166846071044,0.915915479974075,0.8805166846071044,0.8950360329621473,0.9169329073482428,88.05166846071045,11.948331539289558
